{"tilemap": {"8;8": {"type": "grass", "variant": 2, "pos": [8, 8]}, "7;8": {"type": "grass", "variant": 1, "pos": [7, 8]}, "6;8": {"type": "grass", "variant": 1, "pos": [6, 8]}, "5;8": {"type": "grass", "variant": 1, "pos": [5, 8]}, "3;8": {"type": "grass", "variant": 1, "pos": [3, 8]}, "2;8": {"type": "grass", "variant": 0, "pos": [2, 8]}, "2;9": {"type": "grass", "variant": 7, "pos": [2, 9]}, "2;10": {"type": "grass", "variant": 6, "pos": [2, 10]}, "3;10": {"type": "grass", "variant": 8, "pos": [3, 10]}, "4;10": {"type": "grass", "variant": 8, "pos": [4, 10]}, "5;10": {"type": "grass", "variant": 8, "pos": [5, 10]}, "6;10": {"type": "grass", "variant": 8, "pos": [6, 10]}, "7;10": {"type": "grass", "variant": 8, "pos": [7, 10]}, "8;10": {"type": "grass", "variant": 8, "pos": [8, 10]}, "9;10": {"type": "grass", "variant": 8, "pos": [9, 10]}, "10;10": {"type": "grass", "variant": 4, "pos": [10, 10]}, "10;9": {"type": "grass", "variant": 2, "pos": [10, 9]}, "9;9": {"type": "grass", "variant": 1, "pos": [9, 9]}, "8;9": {"type": "grass", "variant": 8, "pos": [8, 9]}, "7;9": {"type": "grass", "variant": 8, "pos": [7, 9]}, "6;9": {"type": "grass", "variant": 8, "pos": [6, 9]}, "5;9": {"type": "grass", "variant": 8, "pos": [5, 9]}, "4;9": {"type": "grass", "variant": 8, "pos": [4, 9]}, "3;9": {"type": "grass", "variant": 8, "pos": [3, 9]}, "3;11": {"type": "grass", "variant": 6, "pos": [3, 11]}, "4;11": {"type": "grass", "variant": 5, "pos": [4, 11]}, "5;11": {"type": "grass", "variant": 5, "pos": [5, 11]}, "6;11": {"type": "grass", "variant": 5, "pos": [6, 11]}, "7;11": {"type": "grass", "variant": 5, "pos": [7, 11]}, "8;11": {"type": "grass", "variant": 5, "pos": [8, 11]}, "9;11": {"type": "grass", "variant": 4, "pos": [9, 11]}, "2;7": {"type": "decor", "variant": 0, "pos": [2, 7]}, "3;7": {"type": "decor", "variant": 0, "pos": [3, 7]}, "4;7": {"type": "decor", "variant": 0, "pos": [4, 7]}, "4;8": {"type": "grass", "variant": 1, "pos": [4, 8]}, "7;7": {"type": "decor", "variant": 1, "pos": [7, 7]}, "8;7": {"type": "decor", "variant": 2, "pos": [8, 7]}, "10;8": {"type": "decor", "variant": 2, "pos": [10, 8]}, "9;8": {"type": "decor", "variant": 2, "pos": [9, 8]}, "15;6": {"type": "stone", "variant": 2, "pos": [15, 6]}, "14;6": {"type": "stone", "variant": 0, "pos": [14, 6]}, "14;7": {"type": "stone", "variant": 8, "pos": [14, 7]}, "13;7": {"type": "stone", "variant": 0, "pos": [13, 7]}, "13;8": {"type": "stone", "variant": 7, "pos": [13, 8]}, "13;9": {"type": "stone", "variant": 6, "pos": [13, 9]}, "14;10": {"type": "stone", "variant": 6, "pos": [14, 10]}, "15;10": {"type": "stone", "variant": 4, "pos": [15, 10]}, "15;9": {"type": "stone", "variant": 8, "pos": [15, 9]}, "16;9": {"type": "stone", "variant": 4, "pos": [16, 9]}, "16;8": {"type": "stone", "variant": 3, "pos": [16, 8]}, "16;7": {"type": "stone", "variant": 2, "pos": [16, 7]}, "15;7": {"type": "stone", "variant": 8, "pos": [15, 7]}, "15;8": {"type": "stone", "variant": 8, "pos": [15, 8]}, "14;8": {"type": "stone", "variant": 8, "pos": [14, 8]}, "14;9": {"type": "stone", "variant": 8, "pos": [14, 9]}, "12;2": {"type": "stone", "variant": 2, "pos": [12, 2]}, "11;2": {"type": "stone", "variant": 1, "pos": [11, 2]}, "10;2": {"type": "stone", "variant": 1, "pos": [10, 2]}, "9;2": {"type": "stone", "variant": 1, "pos": [9, 2]}, "8;2": {"type": "stone", "variant": 0, "pos": [8, 2]}, "8;3": {"type": "stone", "variant": 6, "pos": [8, 3]}, "9;3": {"type": "stone", "variant": 5, "pos": [9, 3]}, "10;4": {"type": "stone", "variant": 6, "pos": [10, 4]}, "11;4": {"type": "stone", "variant": 4, "pos": [11, 4]}, "11;3": {"type": "stone", "variant": 8, "pos": [11, 3]}, "12;3": {"type": "stone", "variant": 4, "pos": [12, 3]}, "10;3": {"type": "stone", "variant": 8, "pos": [10, 3]}, "14;5": {"type": "decor", "variant": 3, "pos": [14, 5]}, "11;1": {"type": "decor", "variant": 3, "pos": [11, 1]}, "9;1": {"type": "decor", "variant": 3, "pos": [9, 1]}}, "tile_size": 16, "offgrid": [{"type": "large_decor", "variant": 0, "pos": [86.0, 121.0]}, {"type": "large_decor", "variant": 1, "pos": [139.5, 134.0]}, {"type": "large_decor", "variant": 2, "pos": [45.0, 85.5]}, {"type": "large_decor", "variant": 2, "pos": [118.0, 85.0]}, {"type": "large_decor", "variant": 0, "pos": [166.0, 24.0]}]}